{
    "total_songs_played": 6,
    "vector_total": [
        3.6870000000000003,
        4.182,
        3.798
    ],
    "vector_avg": [
        0.6145,
        0.6970000000000001,
        0.633
    ],
    "genres_total": [
        [
            "Electro",
            3
        ],
        [
            "Raggea",
            3
        ]
    ],
    "artists_total": [
        [
            "Daft Punk",
            3
        ],
        [
            "One Love",
            3
        ]
    ]
}