{
    "total_songs_played": 12,
    "vector_total": [
        7.3740000000000006,
        8.364,
        7.596
    ],
    "vector_avg": [
        0.6145,
        0.6970000000000001,
        0.633
    ],
    "genres_total": [
        [
            "Electro",
            6
        ],
        [
            "Raggea",
            6
        ]
    ],
    "artists_total": [
        [
            "Daft Punk",
            6
        ],
        [
            "One Love",
            6
        ]
    ]
}