{
    "total_songs_played": 352,
    "vector_total": [
        166.10999999999987,
        205.77799999999988,
        164.79999999999973,
        170.09999999999965,
        79.53049999999982,
        39.62400000000001
    ],
    "vector_avg": [
        0.4719034090909087,
        0.5845965909090906,
        0.4681818181818174,
        0.4832386363636354,
        0.22593892045454494,
        0.11256818181818184
    ],
    "genres_total": {
        "Testgenre": 90,
        "Raggea": 90,
        "Country": 90,
        "????": 1,
        "Classic": 14,
        "Alternative": 61
    },
    "artists_total": {
        "Tangerine Dream": 90,
        "One Love": 90,
        "Johnny Cash": 90,
        "Land of Giants": 86
    }
}