{
    "total_songs_played": 228,
    "vector_total": [
        108.39420000000008,
        134.01299999999995,
        107.20200000000017,
        110.76599999999992,
        52.134249999999966,
        25.93439999999998
    ],
    "vector_avg": [
        0.4754131578947372,
        0.5877763157894734,
        0.47018421052631654,
        0.48581578947368387,
        0.22865899122807,
        0.11374736842105254
    ],
    "genres_total": {
        "Testgenre": 59,
        "Raggea": 59,
        "Country": 59,
        "????": 1,
        "Classic": 14,
        "Alternative": 30
    },
    "artists_total": {
        "Tangerine Dream": 59,
        "One Love": 59,
        "Johnny Cash": 59,
        "Land of Giants": 55
    }
}