{
    "total_songs_played": 8,
    "vector_total": [
        3.7236,
        4.630000000000001,
        3.716,
        861.618,
        1.7674999999999998,
        0.8832
    ],
    "vector_avg": [
        0.46545,
        0.5787500000000001,
        0.4645,
        107.70225,
        0.22093749999999998,
        0.1104
    ],
    "genres_total": [
        [
            "Testgenre",
            2
        ],
        [
            "Raggea",
            2
        ],
        [
            "Country",
            2
        ],
        [
            "????",
            2
        ]
    ],
    "artists_total": [
        [
            "Tangerine Dream",
            2
        ],
        [
            "One Love",
            2
        ],
        [
            "Johnny Cash",
            2
        ],
        [
            "Land of Giants",
            2
        ]
    ]
}