{
    "total_songs_played": 43,
    "vector_total": [
        22.267799999999998,
        26.254000000000016,
        21.866000000000003
    ],
    "vector_avg": [
        0.5178558139534883,
        0.6105581395348841,
        0.5085116279069768
    ],
    "genres_total": [
        [
            "Electro",
            7
        ],
        [
            "Raggea",
            13
        ],
        [
            "Country",
            13
        ],
        [
            "Testgenre",
            6
        ],
        [
            "????",
            4
        ]
    ],
    "artists_total": [
        [
            "Daft Punk",
            7
        ],
        [
            "One Love",
            13
        ],
        [
            "Johnny Cash",
            13
        ],
        [
            "Tangerine Dream",
            6
        ],
        [
            "Land Of Giants",
            4
        ]
    ]
}