{
    "total_songs_played": 4,
    "vector_total": [
        2.458,
        2.7880000000000003,
        2.532
    ],
    "vector_avg": [
        0.6145,
        0.6970000000000001,
        0.633
    ],
    "genres_total": [
        [
            "Electro",
            2
        ],
        [
            "Raggea",
            2
        ]
    ],
    "artists_total": [
        [
            "Daft Punk",
            2
        ],
        [
            "One Love",
            2
        ]
    ]
}