{
    "total_songs_played": 180,
    "vector_total": [
        86.00400000000002,
        86.90400000000018,
        130.212,
        59.327999999999975,
        59.18291999999993,
        14.57999999999996
    ],
    "vector_avg": [
        0.4778000000000001,
        0.482800000000001,
        0.7233999999999999,
        0.32959999999999984,
        0.32879399999999964,
        0.08099999999999977
    ],
    "genres_total": {
        "Rock": 36,
        "Punk": 36,
        "Country": 36,
        "Progressive Rock": 36,
        "Funk Rock": 36
    },
    "artists_total": {
        "The Doors": 36,
        "Billy Idol": 36,
        "The Cars": 36,
        "The Romantics": 36,
        "Men At Work": 36,
        "Johnny Cash": 36,
        "The Highwaymen": 36,
        "Waylon Jennings": 36,
        "Hank Williams": 36,
        "Pink Floyd": 36,
        "David Gilmour": 36,
        "Roger Waters": 36,
        "Jethro Tull": 36,
        "Red Hot Chili Peppers": 36,
        "Foo Fighters": 36,
        "Audioslave": 36,
        "Incubus": 36,
        "Jim Morrison": 35,
        "Jefferson Airplane": 35,
        "Janis Joplin": 35
    }
}