{
    "total_songs_played": 52,
    "vector_total": [
        24.2034,
        30.09500000000003,
        24.154000000000003,
        24.881999999999994,
        11.488750000000003,
        5.7408
    ],
    "vector_avg": [
        0.46545,
        0.5787500000000005,
        0.4645000000000001,
        0.47849999999999987,
        0.22093750000000006,
        0.1104
    ],
    "genres_total": {
        "Testgenre": 13,
        "Raggea": 13,
        "Country": 13,
        "Alternative": 13
    },
    "artists_total": {
        "Tangerine Dream": 13,
        "One Love": 13,
        "Steel Pulse": 4.29,
        "The Wailers": 4.29,
        "Ziggy Marley": 4.29,
        "Johnny Cash": 13,
        "The Highwaymen": 4.29,
        "Waylon Jennings": 4.29,
        "Hank Williams": 4.29,
        "Land Of Giants": 13,
        "Bal Par\u00e9": 4.29,
        "Das Ding": 4.29,
        "Nine Circles": 4.29,
        "Klaus Schulze": 3.9600000000000004,
        "Edgar Froese": 3.9600000000000004,
        "Isao Tomita": 3.9600000000000004
    }
}