{
    "total_songs_played": 20,
    "vector_total": [
        9.309000000000001,
        11.575000000000003,
        9.29,
        9.57,
        4.41875,
        2.208
    ],
    "vector_avg": [
        0.46545000000000003,
        0.5787500000000001,
        0.46449999999999997,
        0.47850000000000004,
        0.2209375,
        0.11040000000000001
    ],
    "genres_total": {
        "Testgenre": 5,
        "Raggea": 5,
        "Country": 5,
        "Alternative": 5
    },
    "artists_total": {
        "Tangerine Dream": 5,
        "One Love": 5,
        "Steel Pulse": 1.6500000000000001,
        "The Wailers": 1.6500000000000001,
        "Ziggy Marley": 1.6500000000000001,
        "Johnny Cash": 5,
        "The Highwaymen": 1.6500000000000001,
        "Waylon Jennings": 1.6500000000000001,
        "Hank Williams": 1.6500000000000001,
        "Land Of Giants": 5,
        "Bal Par\u00e9": 1.6500000000000001,
        "Das Ding": 1.6500000000000001,
        "Nine Circles": 1.6500000000000001,
        "Klaus Schulze": 1.32,
        "Edgar Froese": 1.32,
        "Isao Tomita": 1.32
    }
}