{
    "total_songs_played": 12,
    "vector_total": [
        5.5854,
        6.945,
        5.574,
        5.742000000000001,
        2.6512499999999997,
        1.3248
    ],
    "vector_avg": [
        0.46545,
        0.57875,
        0.46449999999999997,
        0.4785000000000001,
        0.22093749999999998,
        0.1104
    ],
    "genres_total": {
        "Testgenre": 3,
        "Raggea": 3,
        "Country": 3,
        "Alternative": 3
    },
    "artists_total": {
        "Tangerine Dream": 3,
        "One Love": 3,
        "Steel Pulse": 0.99,
        "The Wailers": 0.99,
        "Ziggy Marley": 0.99,
        "Johnny Cash": 3,
        "The Highwaymen": 0.99,
        "Waylon Jennings": 0.99,
        "Hank Williams": 0.99,
        "Land Of Giants": 3,
        "Bal Par\u00e9": 0.99,
        "Das Ding": 0.99,
        "Nine Circles": 0.99,
        "Klaus Schulze": 0.66,
        "Edgar Froese": 0.66,
        "Isao Tomita": 0.66
    }
}