{
    "total_songs_played": 55,
    "vector_total": [
        26.27900000000001,
        26.55400000000001,
        39.787,
        18.128000000000014,
        18.08367,
        4.455000000000003
    ],
    "vector_avg": [
        0.47780000000000017,
        0.4828000000000002,
        0.7233999999999999,
        0.3296000000000003,
        0.32879400000000003,
        0.08100000000000004
    ],
    "genres_total": {
        "Rock": 11,
        "Punk": 11,
        "Country": 11,
        "Progressive Rock": 11,
        "Funk Rock": 11
    },
    "artists_total": {
        "The Doors": 11,
        "Billy Idol": 11,
        "The Cars": 11,
        "The Romantics": 11,
        "Men At Work": 11,
        "Johnny Cash": 11,
        "The Highwaymen": 11,
        "Waylon Jennings": 11,
        "Hank Williams": 11,
        "Pink Floyd": 11,
        "David Gilmour": 11,
        "Roger Waters": 11,
        "Jethro Tull": 11,
        "Red Hot Chili Peppers": 11,
        "Foo Fighters": 11,
        "Audioslave": 11,
        "Incubus": 11,
        "Jim Morrison": 10,
        "Jefferson Airplane": 10,
        "Janis Joplin": 10
    }
}