{
    "total_songs_played": 32,
    "vector_total": [
        17.599999999999998,
        19.424000000000007,
        15.352,
        440.40000000000015,
        12.1364,
        3.5143999999999993
    ],
    "vector_avg": [
        0.5499999999999999,
        0.6070000000000002,
        0.47975,
        13.762500000000005,
        0.3792625,
        0.10982499999999998
    ],
    "genres_total": {
        "Testgenre": 8,
        "Raggea": 8,
        "Country": 8,
        "Alternative": 8
    },
    "artists_total": {
        "Tangerine Dream": 8,
        "One Love": 8,
        "Steel Pulse": 2.64,
        "The Wailers": 2.64,
        "Ziggy Marley": 2.64,
        "Johnny Cash": 8,
        "The Highwaymen": 2.64,
        "Waylon Jennings": 2.64,
        "Hank Williams": 2.64,
        "Land Of Giants": 8,
        "Bal Par\u00e9": 2.64,
        "Das Ding": 2.64,
        "Moderne": 2.64,
        "Klaus Schulze": 2.31,
        "Edgar Froese": 2.31,
        "Isao Tomita": 2.31
    }
}