{
    "total_songs_played": 60,
    "vector_total": [
        32.99999999999999,
        36.42000000000002,
        28.785000000000004,
        449.5980000000003,
        22.75574999999999,
        6.589500000000001
    ],
    "vector_avg": [
        0.5499999999999999,
        0.6070000000000004,
        0.47975000000000007,
        7.493300000000005,
        0.3792624999999998,
        0.10982500000000002
    ],
    "genres_total": {
        "Testgenre": 15,
        "Raggea": 15,
        "Country": 15,
        "Alternative": 15
    },
    "artists_total": {
        "Tangerine Dream": 15,
        "One Love": 15,
        "Steel Pulse": 4.95,
        "The Wailers": 4.95,
        "Ziggy Marley": 4.95,
        "Johnny Cash": 15,
        "The Highwaymen": 4.95,
        "Waylon Jennings": 4.95,
        "Hank Williams": 4.95,
        "Land Of Giants": 15,
        "Bal Par\u00e9": 4.95,
        "Das Ding": 4.95,
        "Moderne": 4.95,
        "Klaus Schulze": 4.62,
        "Edgar Froese": 4.62,
        "Isao Tomita": 4.62
    }
}