{
    "total_songs_played": 104,
    "vector_total": [
        50.436000000000014,
        60.868,
        48.67400000000004,
        49.75799999999995,
        26.77729999999999,
        11.467799999999983
    ],
    "vector_avg": [
        0.4849615384615386,
        0.5852692307692308,
        0.4680192307692312,
        0.4784423076923072,
        0.2574740384615384,
        0.11026730769230753
    ],
    "genres_total": {
        "Testgenre": 26,
        "Raggea": 26,
        "Country": 26,
        "Alternative": 26
    },
    "artists_total": {
        "Tangerine Dream": 26,
        "One Love": 26,
        "Steel Pulse": 8.58,
        "The Wailers": 8.58,
        "Ziggy Marley": 8.58,
        "Johnny Cash": 26,
        "The Highwaymen": 8.58,
        "Waylon Jennings": 8.58,
        "Hank Williams": 8.58,
        "Land Of Giants": 26,
        "Bal Par\u00e9": 8.58,
        "Das Ding": 8.58,
        "Nine Circles": 7.590000000000001,
        "Klaus Schulze": 8.25,
        "Edgar Froese": 8.25,
        "Isao Tomita": 8.25,
        "Moderne": 0.99
    }
}