{
    "total_songs_played": 96,
    "vector_total": [
        44.68320000000001,
        55.56000000000001,
        44.592000000000034,
        45.93599999999995,
        21.21,
        10.598399999999987
    ],
    "vector_avg": [
        0.4654500000000001,
        0.5787500000000001,
        0.46450000000000036,
        0.4784999999999995,
        0.2209375,
        0.11039999999999987
    ],
    "genres_total": {
        "Testgenre": 24,
        "Raggea": 24,
        "Country": 24,
        "Alternative": 24
    },
    "artists_total": {
        "Tangerine Dream": 24,
        "One Love": 24,
        "Johnny Cash": 24,
        "Land of Giants": 24
    }
}