{
    "total_songs_played": 164,
    "vector_total": [
        76.33380000000004,
        94.91499999999998,
        76.17800000000011,
        78.47399999999992,
        36.233749999999986,
        18.105599999999964
    ],
    "vector_avg": [
        0.46545000000000025,
        0.5787499999999999,
        0.4645000000000007,
        0.4784999999999995,
        0.22093749999999993,
        0.11039999999999978
    ],
    "genres_total": {
        "Testgenre": 41,
        "Raggea": 41,
        "Country": 41,
        "Alternative": 41
    },
    "artists_total": {
        "Tangerine Dream": 41,
        "One Love": 41,
        "Johnny Cash": 41,
        "Land of Giants": 41
    }
}