{
    "total_songs_played": 136,
    "vector_total": [
        59.052200000000035,
        75.29399999999998,
        65.44000000000007,
        65.94399999999992,
        33.94440000000001,
        13.406499999999967
    ],
    "vector_avg": [
        0.43420735294117674,
        0.5536323529411763,
        0.4811764705882358,
        0.4848823529411759,
        0.2495911764705883,
        0.0985772058823527
    ],
    "genres_total": {
        "Testgenre": 34,
        "Raggea": 34,
        "Country": 34,
        "Alternative": 34
    },
    "artists_total": {
        "Tangerine Dream": 34,
        "One Love": 34,
        "Steel Pulse": 8.91,
        "The Wailers": 8.91,
        "Ziggy Marley": 8.91,
        "Johnny Cash": 34,
        "The Highwaymen": 11.22,
        "Waylon Jennings": 11.22,
        "Hank Williams": 11.22,
        "Land Of Giants": 34,
        "Bal Par": 0.99,
        "Das Ding": 11.22,
        "Position Parallele": 11.22,
        "Klaus Schulze": 10.89,
        "Edgar Froese": 10.89,
        "Isao Tomita": 10.89,
        "Bal Par\u00e9": 10.23,
        "Allen Toussaint": 2.31,
        "Dr. John": 2.31,
        "The Subdudes": 2.31
    }
}